<?xml version="1.0" encoding="UTF-8"?>
<config xmlns="http://www.knime.org/2008/09/XMLConfig" xmlns:xsi="http://www.w3.org/2001/XMLSchema-instance" xsi:schemaLocation="http://www.knime.org/2008/09/XMLConfig http://www.knime.org/XMLConfig_2008_09.xsd" key="model.xml">
<entry key="version" type="xint" value="1"/>
<entry key="class_name" type="xstring" value="org.knime.distance.DistanceMeasurePortSpec"/>
<config key="model">
<entry key="distance-spec-version" type="xstring" value="1"/>
<config key="columns">
<entry key="array-size" type="xint" value="1"/>
<entry key="0" type="xstring" value="Coordinate"/>
</config>
<config key="distance-characteristics">
<entry key="array-size" type="xint" value="2"/>
<entry key="0" type="xstring" value="FAIL_ON_MISSING_VALUES"/>
<entry key="1" type="xstring" value="METRIC"/>
</config>
<entry key="distance-measure-type" type="xstring" value="ws.palladian.nodes.extraction.location.utils.dist.HaversineDistanceFactory"/>
</config>
</config>
